onnx/TinyImageNet_resnet_medium.onnx,vnnlib/TinyImageNet_resnet_medium_prop_idx_1126_sidx_4974_eps_0.0039.vnnlib,100
onnx/TinyImageNet_resnet_medium.onnx,vnnlib/TinyImageNet_resnet_medium_prop_idx_6827_sidx_2613_eps_0.0039.vnnlib,100
onnx/TinyImageNet_resnet_medium.onnx,vnnlib/TinyImageNet_resnet_medium_prop_idx_7943_sidx_6299_eps_0.0039.vnnlib,100
onnx/TinyImageNet_resnet_medium.onnx,vnnlib/TinyImageNet_resnet_medium_prop_idx_9558_sidx_6082_eps_0.0039.vnnlib,100
onnx/TinyImageNet_resnet_medium.onnx,vnnlib/TinyImageNet_resnet_medium_prop_idx_2341_sidx_4149_eps_0.0039.vnnlib,100
onnx/TinyImageNet_resnet_medium.onnx,vnnlib/TinyImageNet_resnet_medium_prop_idx_5478_sidx_174_eps_0.0039.vnnlib,100
onnx/TinyImageNet_resnet_medium.onnx,vnnlib/TinyImageNet_resnet_medium_prop_idx_9262_sidx_880_eps_0.0039.vnnlib,100
onnx/TinyImageNet_resnet_medium.onnx,vnnlib/TinyImageNet_resnet_medium_prop_idx_6252_sidx_9972_eps_0.0039.vnnlib,100
onnx/TinyImageNet_resnet_medium.onnx,vnnlib/TinyImageNet_resnet_medium_prop_idx_2146_sidx_298_eps_0.0039.vnnlib,100
onnx/TinyImageNet_resnet_medium.onnx,vnnlib/TinyImageNet_resnet_medium_prop_idx_538_sidx_2467_eps_0.0039.vnnlib,100
onnx/TinyImageNet_resnet_medium.onnx,vnnlib/TinyImageNet_resnet_medium_prop_idx_5134_sidx_3767_eps_0.0039.vnnlib,100
onnx/TinyImageNet_resnet_medium.onnx,vnnlib/TinyImageNet_resnet_medium_prop_idx_9535_sidx_6151_eps_0.0039.vnnlib,100
onnx/TinyImageNet_resnet_medium.onnx,vnnlib/TinyImageNet_resnet_medium_prop_idx_253_sidx_4834_eps_0.0039.vnnlib,100
onnx/TinyImageNet_resnet_medium.onnx,vnnlib/TinyImageNet_resnet_medium_prop_idx_5673_sidx_6615_eps_0.0039.vnnlib,100
onnx/TinyImageNet_resnet_medium.onnx,vnnlib/TinyImageNet_resnet_medium_prop_idx_1459_sidx_443_eps_0.0039.vnnlib,100
onnx/TinyImageNet_resnet_medium.onnx,vnnlib/TinyImageNet_resnet_medium_prop_idx_551_sidx_6748_eps_0.0039.vnnlib,100
onnx/TinyImageNet_resnet_medium.onnx,vnnlib/TinyImageNet_resnet_medium_prop_idx_4526_sidx_9254_eps_0.0039.vnnlib,100
onnx/TinyImageNet_resnet_medium.onnx,vnnlib/TinyImageNet_resnet_medium_prop_idx_2063_sidx_8156_eps_0.0039.vnnlib,100
onnx/TinyImageNet_resnet_medium.onnx,vnnlib/TinyImageNet_resnet_medium_prop_idx_879_sidx_6242_eps_0.0039.vnnlib,100
onnx/TinyImageNet_resnet_medium.onnx,vnnlib/TinyImageNet_resnet_medium_prop_idx_247_sidx_1124_eps_0.0039.vnnlib,100
onnx/TinyImageNet_resnet_medium.onnx,vnnlib/TinyImageNet_resnet_medium_prop_idx_2582_sidx_5386_eps_0.0039.vnnlib,100
onnx/TinyImageNet_resnet_medium.onnx,vnnlib/TinyImageNet_resnet_medium_prop_idx_2936_sidx_7810_eps_0.0039.vnnlib,100
onnx/TinyImageNet_resnet_medium.onnx,vnnlib/TinyImageNet_resnet_medium_prop_idx_1175_sidx_7775_eps_0.0039.vnnlib,100
onnx/TinyImageNet_resnet_medium.onnx,vnnlib/TinyImageNet_resnet_medium_prop_idx_7365_sidx_3284_eps_0.0039.vnnlib,100
onnx/TinyImageNet_resnet_medium.onnx,vnnlib/TinyImageNet_resnet_medium_prop_idx_8684_sidx_9001_eps_0.0039.vnnlib,100
onnx/TinyImageNet_resnet_medium.onnx,vnnlib/TinyImageNet_resnet_medium_prop_idx_1706_sidx_4932_eps_0.0039.vnnlib,100
onnx/TinyImageNet_resnet_medium.onnx,vnnlib/TinyImageNet_resnet_medium_prop_idx_2755_sidx_193_eps_0.0039.vnnlib,100
onnx/TinyImageNet_resnet_medium.onnx,vnnlib/TinyImageNet_resnet_medium_prop_idx_9584_sidx_3691_eps_0.0039.vnnlib,100
onnx/TinyImageNet_resnet_medium.onnx,vnnlib/TinyImageNet_resnet_medium_prop_idx_9079_sidx_5823_eps_0.0039.vnnlib,100
onnx/TinyImageNet_resnet_medium.onnx,vnnlib/TinyImageNet_resnet_medium_prop_idx_1135_sidx_1928_eps_0.0039.vnnlib,100
onnx/TinyImageNet_resnet_medium.onnx,vnnlib/TinyImageNet_resnet_medium_prop_idx_1359_sidx_7221_eps_0.0039.vnnlib,100
onnx/TinyImageNet_resnet_medium.onnx,vnnlib/TinyImageNet_resnet_medium_prop_idx_5683_sidx_1212_eps_0.0039.vnnlib,100
onnx/TinyImageNet_resnet_medium.onnx,vnnlib/TinyImageNet_resnet_medium_prop_idx_1615_sidx_1065_eps_0.0039.vnnlib,100
onnx/TinyImageNet_resnet_medium.onnx,vnnlib/TinyImageNet_resnet_medium_prop_idx_288_sidx_5531_eps_0.0039.vnnlib,100
onnx/TinyImageNet_resnet_medium.onnx,vnnlib/TinyImageNet_resnet_medium_prop_idx_6546_sidx_3168_eps_0.0039.vnnlib,100
onnx/TinyImageNet_resnet_medium.onnx,vnnlib/TinyImageNet_resnet_medium_prop_idx_2475_sidx_523_eps_0.0039.vnnlib,100
onnx/TinyImageNet_resnet_medium.onnx,vnnlib/TinyImageNet_resnet_medium_prop_idx_9476_sidx_5602_eps_0.0039.vnnlib,100
onnx/TinyImageNet_resnet_medium.onnx,vnnlib/TinyImageNet_resnet_medium_prop_idx_3782_sidx_1103_eps_0.0039.vnnlib,100
onnx/TinyImageNet_resnet_medium.onnx,vnnlib/TinyImageNet_resnet_medium_prop_idx_4463_sidx_4146_eps_0.0039.vnnlib,100
onnx/TinyImageNet_resnet_medium.onnx,vnnlib/TinyImageNet_resnet_medium_prop_idx_8257_sidx_5574_eps_0.0039.vnnlib,100
onnx/TinyImageNet_resnet_medium.onnx,vnnlib/TinyImageNet_resnet_medium_prop_idx_4438_sidx_6486_eps_0.0039.vnnlib,100
onnx/TinyImageNet_resnet_medium.onnx,vnnlib/TinyImageNet_resnet_medium_prop_idx_484_sidx_161_eps_0.0039.vnnlib,100
onnx/TinyImageNet_resnet_medium.onnx,vnnlib/TinyImageNet_resnet_medium_prop_idx_9611_sidx_7725_eps_0.0039.vnnlib,100
onnx/TinyImageNet_resnet_medium.onnx,vnnlib/TinyImageNet_resnet_medium_prop_idx_3429_sidx_4578_eps_0.0039.vnnlib,100
onnx/TinyImageNet_resnet_medium.onnx,vnnlib/TinyImageNet_resnet_medium_prop_idx_5685_sidx_8755_eps_0.0039.vnnlib,100
onnx/TinyImageNet_resnet_medium.onnx,vnnlib/TinyImageNet_resnet_medium_prop_idx_5257_sidx_5727_eps_0.0039.vnnlib,100
onnx/TinyImageNet_resnet_medium.onnx,vnnlib/TinyImageNet_resnet_medium_prop_idx_9437_sidx_5480_eps_0.0039.vnnlib,100
onnx/TinyImageNet_resnet_medium.onnx,vnnlib/TinyImageNet_resnet_medium_prop_idx_4500_sidx_6717_eps_0.0039.vnnlib,100
onnx/TinyImageNet_resnet_medium.onnx,vnnlib/TinyImageNet_resnet_medium_prop_idx_4871_sidx_7562_eps_0.0039.vnnlib,100
onnx/TinyImageNet_resnet_medium.onnx,vnnlib/TinyImageNet_resnet_medium_prop_idx_2210_sidx_992_eps_0.0039.vnnlib,100
onnx/TinyImageNet_resnet_medium.onnx,vnnlib/TinyImageNet_resnet_medium_prop_idx_1651_sidx_3548_eps_0.0039.vnnlib,100
onnx/TinyImageNet_resnet_medium.onnx,vnnlib/TinyImageNet_resnet_medium_prop_idx_7183_sidx_4731_eps_0.0039.vnnlib,100
onnx/TinyImageNet_resnet_medium.onnx,vnnlib/TinyImageNet_resnet_medium_prop_idx_647_sidx_9608_eps_0.0039.vnnlib,100
onnx/TinyImageNet_resnet_medium.onnx,vnnlib/TinyImageNet_resnet_medium_prop_idx_9992_sidx_5063_eps_0.0039.vnnlib,100
onnx/TinyImageNet_resnet_medium.onnx,vnnlib/TinyImageNet_resnet_medium_prop_idx_3543_sidx_5527_eps_0.0039.vnnlib,100
onnx/TinyImageNet_resnet_medium.onnx,vnnlib/TinyImageNet_resnet_medium_prop_idx_2045_sidx_7367_eps_0.0039.vnnlib,100
onnx/TinyImageNet_resnet_medium.onnx,vnnlib/TinyImageNet_resnet_medium_prop_idx_7542_sidx_9873_eps_0.0039.vnnlib,100
onnx/TinyImageNet_resnet_medium.onnx,vnnlib/TinyImageNet_resnet_medium_prop_idx_5743_sidx_6569_eps_0.0039.vnnlib,100
onnx/TinyImageNet_resnet_medium.onnx,vnnlib/TinyImageNet_resnet_medium_prop_idx_5427_sidx_8226_eps_0.0039.vnnlib,100
onnx/TinyImageNet_resnet_medium.onnx,vnnlib/TinyImageNet_resnet_medium_prop_idx_1496_sidx_9465_eps_0.0039.vnnlib,100
onnx/TinyImageNet_resnet_medium.onnx,vnnlib/TinyImageNet_resnet_medium_prop_idx_600_sidx_4087_eps_0.0039.vnnlib,100
onnx/TinyImageNet_resnet_medium.onnx,vnnlib/TinyImageNet_resnet_medium_prop_idx_6618_sidx_5022_eps_0.0039.vnnlib,100
onnx/TinyImageNet_resnet_medium.onnx,vnnlib/TinyImageNet_resnet_medium_prop_idx_6036_sidx_4672_eps_0.0039.vnnlib,100
onnx/TinyImageNet_resnet_medium.onnx,vnnlib/TinyImageNet_resnet_medium_prop_idx_3375_sidx_5824_eps_0.0039.vnnlib,100
onnx/TinyImageNet_resnet_medium.onnx,vnnlib/TinyImageNet_resnet_medium_prop_idx_4327_sidx_7050_eps_0.0039.vnnlib,100
onnx/TinyImageNet_resnet_medium.onnx,vnnlib/TinyImageNet_resnet_medium_prop_idx_4171_sidx_705_eps_0.0039.vnnlib,100
onnx/TinyImageNet_resnet_medium.onnx,vnnlib/TinyImageNet_resnet_medium_prop_idx_3677_sidx_3123_eps_0.0039.vnnlib,100
onnx/TinyImageNet_resnet_medium.onnx,vnnlib/TinyImageNet_resnet_medium_prop_idx_1093_sidx_4490_eps_0.0039.vnnlib,100
onnx/TinyImageNet_resnet_medium.onnx,vnnlib/TinyImageNet_resnet_medium_prop_idx_7473_sidx_6046_eps_0.0039.vnnlib,100
onnx/TinyImageNet_resnet_medium.onnx,vnnlib/TinyImageNet_resnet_medium_prop_idx_6049_sidx_4719_eps_0.0039.vnnlib,100
onnx/TinyImageNet_resnet_medium.onnx,vnnlib/TinyImageNet_resnet_medium_prop_idx_7525_sidx_3725_eps_0.0039.vnnlib,100
onnx/TinyImageNet_resnet_medium.onnx,vnnlib/TinyImageNet_resnet_medium_prop_idx_9729_sidx_1662_eps_0.0039.vnnlib,100
onnx/TinyImageNet_resnet_medium.onnx,vnnlib/TinyImageNet_resnet_medium_prop_idx_6412_sidx_6140_eps_0.0039.vnnlib,100
onnx/TinyImageNet_resnet_medium.onnx,vnnlib/TinyImageNet_resnet_medium_prop_idx_1024_sidx_5112_eps_0.0039.vnnlib,100
onnx/TinyImageNet_resnet_medium.onnx,vnnlib/TinyImageNet_resnet_medium_prop_idx_5634_sidx_9441_eps_0.0039.vnnlib,100
onnx/TinyImageNet_resnet_medium.onnx,vnnlib/TinyImageNet_resnet_medium_prop_idx_4004_sidx_9594_eps_0.0039.vnnlib,100
onnx/TinyImageNet_resnet_medium.onnx,vnnlib/TinyImageNet_resnet_medium_prop_idx_6628_sidx_8822_eps_0.0039.vnnlib,100
onnx/TinyImageNet_resnet_medium.onnx,vnnlib/TinyImageNet_resnet_medium_prop_idx_9025_sidx_9203_eps_0.0039.vnnlib,100
onnx/TinyImageNet_resnet_medium.onnx,vnnlib/TinyImageNet_resnet_medium_prop_idx_2798_sidx_4910_eps_0.0039.vnnlib,100
onnx/TinyImageNet_resnet_medium.onnx,vnnlib/TinyImageNet_resnet_medium_prop_idx_4776_sidx_19_eps_0.0039.vnnlib,100
onnx/TinyImageNet_resnet_medium.onnx,vnnlib/TinyImageNet_resnet_medium_prop_idx_7152_sidx_4185_eps_0.0039.vnnlib,100
onnx/TinyImageNet_resnet_medium.onnx,vnnlib/TinyImageNet_resnet_medium_prop_idx_9656_sidx_451_eps_0.0039.vnnlib,100
onnx/TinyImageNet_resnet_medium.onnx,vnnlib/TinyImageNet_resnet_medium_prop_idx_4244_sidx_8624_eps_0.0039.vnnlib,100
onnx/TinyImageNet_resnet_medium.onnx,vnnlib/TinyImageNet_resnet_medium_prop_idx_4599_sidx_738_eps_0.0039.vnnlib,100
onnx/TinyImageNet_resnet_medium.onnx,vnnlib/TinyImageNet_resnet_medium_prop_idx_7749_sidx_8253_eps_0.0039.vnnlib,100
onnx/TinyImageNet_resnet_medium.onnx,vnnlib/TinyImageNet_resnet_medium_prop_idx_8310_sidx_4525_eps_0.0039.vnnlib,100
onnx/TinyImageNet_resnet_medium.onnx,vnnlib/TinyImageNet_resnet_medium_prop_idx_3328_sidx_278_eps_0.0039.vnnlib,100
onnx/TinyImageNet_resnet_medium.onnx,vnnlib/TinyImageNet_resnet_medium_prop_idx_6228_sidx_7979_eps_0.0039.vnnlib,100
onnx/TinyImageNet_resnet_medium.onnx,vnnlib/TinyImageNet_resnet_medium_prop_idx_7847_sidx_9927_eps_0.0039.vnnlib,100
onnx/TinyImageNet_resnet_medium.onnx,vnnlib/TinyImageNet_resnet_medium_prop_idx_8756_sidx_3958_eps_0.0039.vnnlib,100
onnx/TinyImageNet_resnet_medium.onnx,vnnlib/TinyImageNet_resnet_medium_prop_idx_2511_sidx_5059_eps_0.0039.vnnlib,100
onnx/TinyImageNet_resnet_medium.onnx,vnnlib/TinyImageNet_resnet_medium_prop_idx_2575_sidx_1066_eps_0.0039.vnnlib,100
onnx/TinyImageNet_resnet_medium.onnx,vnnlib/TinyImageNet_resnet_medium_prop_idx_3574_sidx_9710_eps_0.0039.vnnlib,100
onnx/TinyImageNet_resnet_medium.onnx,vnnlib/TinyImageNet_resnet_medium_prop_idx_3437_sidx_2708_eps_0.0039.vnnlib,100
onnx/TinyImageNet_resnet_medium.onnx,vnnlib/TinyImageNet_resnet_medium_prop_idx_4024_sidx_4810_eps_0.0039.vnnlib,100
onnx/TinyImageNet_resnet_medium.onnx,vnnlib/TinyImageNet_resnet_medium_prop_idx_8698_sidx_4012_eps_0.0039.vnnlib,100
onnx/TinyImageNet_resnet_medium.onnx,vnnlib/TinyImageNet_resnet_medium_prop_idx_4674_sidx_6718_eps_0.0039.vnnlib,100
onnx/TinyImageNet_resnet_medium.onnx,vnnlib/TinyImageNet_resnet_medium_prop_idx_9569_sidx_8561_eps_0.0039.vnnlib,100
onnx/TinyImageNet_resnet_medium.onnx,vnnlib/TinyImageNet_resnet_medium_prop_idx_3533_sidx_4891_eps_0.0039.vnnlib,100
onnx/TinyImageNet_resnet_medium.onnx,vnnlib/TinyImageNet_resnet_medium_prop_idx_5129_sidx_3656_eps_0.0039.vnnlib,100
onnx/TinyImageNet_resnet_medium.onnx,vnnlib/TinyImageNet_resnet_medium_prop_idx_4686_sidx_8792_eps_0.0039.vnnlib,100
onnx/TinyImageNet_resnet_medium.onnx,vnnlib/TinyImageNet_resnet_medium_prop_idx_4869_sidx_6523_eps_0.0039.vnnlib,100
onnx/TinyImageNet_resnet_medium.onnx,vnnlib/TinyImageNet_resnet_medium_prop_idx_8651_sidx_6574_eps_0.0039.vnnlib,100
onnx/TinyImageNet_resnet_medium.onnx,vnnlib/TinyImageNet_resnet_medium_prop_idx_4225_sidx_3038_eps_0.0039.vnnlib,100
onnx/TinyImageNet_resnet_medium.onnx,vnnlib/TinyImageNet_resnet_medium_prop_idx_1718_sidx_4924_eps_0.0039.vnnlib,100
onnx/TinyImageNet_resnet_medium.onnx,vnnlib/TinyImageNet_resnet_medium_prop_idx_6957_sidx_1178_eps_0.0039.vnnlib,100
onnx/TinyImageNet_resnet_medium.onnx,vnnlib/TinyImageNet_resnet_medium_prop_idx_7209_sidx_9753_eps_0.0039.vnnlib,100
onnx/TinyImageNet_resnet_medium.onnx,vnnlib/TinyImageNet_resnet_medium_prop_idx_4867_sidx_5259_eps_0.0039.vnnlib,100
onnx/TinyImageNet_resnet_medium.onnx,vnnlib/TinyImageNet_resnet_medium_prop_idx_140_sidx_7259_eps_0.0039.vnnlib,100
onnx/TinyImageNet_resnet_medium.onnx,vnnlib/TinyImageNet_resnet_medium_prop_idx_8042_sidx_9227_eps_0.0039.vnnlib,100
onnx/TinyImageNet_resnet_medium.onnx,vnnlib/TinyImageNet_resnet_medium_prop_idx_216_sidx_6006_eps_0.0039.vnnlib,100
onnx/TinyImageNet_resnet_medium.onnx,vnnlib/TinyImageNet_resnet_medium_prop_idx_580_sidx_8894_eps_0.0039.vnnlib,100
onnx/TinyImageNet_resnet_medium.onnx,vnnlib/TinyImageNet_resnet_medium_prop_idx_6458_sidx_4978_eps_0.0039.vnnlib,100
onnx/TinyImageNet_resnet_medium.onnx,vnnlib/TinyImageNet_resnet_medium_prop_idx_291_sidx_2370_eps_0.0039.vnnlib,100
onnx/TinyImageNet_resnet_medium.onnx,vnnlib/TinyImageNet_resnet_medium_prop_idx_62_sidx_313_eps_0.0039.vnnlib,100
onnx/TinyImageNet_resnet_medium.onnx,vnnlib/TinyImageNet_resnet_medium_prop_idx_9875_sidx_1510_eps_0.0039.vnnlib,100
onnx/TinyImageNet_resnet_medium.onnx,vnnlib/TinyImageNet_resnet_medium_prop_idx_4944_sidx_932_eps_0.0039.vnnlib,100
onnx/TinyImageNet_resnet_medium.onnx,vnnlib/TinyImageNet_resnet_medium_prop_idx_4528_sidx_911_eps_0.0039.vnnlib,100
onnx/TinyImageNet_resnet_medium.onnx,vnnlib/TinyImageNet_resnet_medium_prop_idx_7689_sidx_3205_eps_0.0039.vnnlib,100
onnx/TinyImageNet_resnet_medium.onnx,vnnlib/TinyImageNet_resnet_medium_prop_idx_3558_sidx_7280_eps_0.0039.vnnlib,100
onnx/TinyImageNet_resnet_medium.onnx,vnnlib/TinyImageNet_resnet_medium_prop_idx_7277_sidx_8835_eps_0.0039.vnnlib,100
onnx/TinyImageNet_resnet_medium.onnx,vnnlib/TinyImageNet_resnet_medium_prop_idx_7946_sidx_1068_eps_0.0039.vnnlib,100
onnx/TinyImageNet_resnet_medium.onnx,vnnlib/TinyImageNet_resnet_medium_prop_idx_7889_sidx_4249_eps_0.0039.vnnlib,100
onnx/TinyImageNet_resnet_medium.onnx,vnnlib/TinyImageNet_resnet_medium_prop_idx_7600_sidx_1132_eps_0.0039.vnnlib,100
onnx/TinyImageNet_resnet_medium.onnx,vnnlib/TinyImageNet_resnet_medium_prop_idx_259_sidx_1412_eps_0.0039.vnnlib,100
onnx/TinyImageNet_resnet_medium.onnx,vnnlib/TinyImageNet_resnet_medium_prop_idx_683_sidx_2348_eps_0.0039.vnnlib,100
onnx/TinyImageNet_resnet_medium.onnx,vnnlib/TinyImageNet_resnet_medium_prop_idx_9940_sidx_5174_eps_0.0039.vnnlib,100
onnx/TinyImageNet_resnet_medium.onnx,vnnlib/TinyImageNet_resnet_medium_prop_idx_164_sidx_1090_eps_0.0039.vnnlib,100
onnx/TinyImageNet_resnet_medium.onnx,vnnlib/TinyImageNet_resnet_medium_prop_idx_8372_sidx_8419_eps_0.0039.vnnlib,100
onnx/TinyImageNet_resnet_medium.onnx,vnnlib/TinyImageNet_resnet_medium_prop_idx_7403_sidx_8686_eps_0.0039.vnnlib,100
onnx/TinyImageNet_resnet_medium.onnx,vnnlib/TinyImageNet_resnet_medium_prop_idx_9600_sidx_3536_eps_0.0039.vnnlib,100
onnx/TinyImageNet_resnet_medium.onnx,vnnlib/TinyImageNet_resnet_medium_prop_idx_7390_sidx_2694_eps_0.0039.vnnlib,100
onnx/TinyImageNet_resnet_medium.onnx,vnnlib/TinyImageNet_resnet_medium_prop_idx_3115_sidx_671_eps_0.0039.vnnlib,100
onnx/TinyImageNet_resnet_medium.onnx,vnnlib/TinyImageNet_resnet_medium_prop_idx_4472_sidx_9477_eps_0.0039.vnnlib,100
onnx/TinyImageNet_resnet_medium.onnx,vnnlib/TinyImageNet_resnet_medium_prop_idx_7575_sidx_6502_eps_0.0039.vnnlib,100
onnx/TinyImageNet_resnet_medium.onnx,vnnlib/TinyImageNet_resnet_medium_prop_idx_8472_sidx_7499_eps_0.0039.vnnlib,100
onnx/TinyImageNet_resnet_medium.onnx,vnnlib/TinyImageNet_resnet_medium_prop_idx_7883_sidx_4184_eps_0.0039.vnnlib,100
onnx/TinyImageNet_resnet_medium.onnx,vnnlib/TinyImageNet_resnet_medium_prop_idx_6679_sidx_8279_eps_0.0039.vnnlib,100
onnx/TinyImageNet_resnet_medium.onnx,vnnlib/TinyImageNet_resnet_medium_prop_idx_7762_sidx_3616_eps_0.0039.vnnlib,100
onnx/TinyImageNet_resnet_medium.onnx,vnnlib/TinyImageNet_resnet_medium_prop_idx_7538_sidx_5076_eps_0.0039.vnnlib,100
onnx/TinyImageNet_resnet_medium.onnx,vnnlib/TinyImageNet_resnet_medium_prop_idx_4513_sidx_5588_eps_0.0039.vnnlib,100
onnx/TinyImageNet_resnet_medium.onnx,vnnlib/TinyImageNet_resnet_medium_prop_idx_3110_sidx_1017_eps_0.0039.vnnlib,100
onnx/TinyImageNet_resnet_medium.onnx,vnnlib/TinyImageNet_resnet_medium_prop_idx_6863_sidx_8059_eps_0.0039.vnnlib,100
onnx/TinyImageNet_resnet_medium.onnx,vnnlib/TinyImageNet_resnet_medium_prop_idx_3553_sidx_3392_eps_0.0039.vnnlib,100
onnx/TinyImageNet_resnet_medium.onnx,vnnlib/TinyImageNet_resnet_medium_prop_idx_5232_sidx_8001_eps_0.0039.vnnlib,100
onnx/TinyImageNet_resnet_medium.onnx,vnnlib/TinyImageNet_resnet_medium_prop_idx_9840_sidx_3444_eps_0.0039.vnnlib,100
onnx/TinyImageNet_resnet_medium.onnx,vnnlib/TinyImageNet_resnet_medium_prop_idx_8887_sidx_8800_eps_0.0039.vnnlib,100
onnx/TinyImageNet_resnet_medium.onnx,vnnlib/TinyImageNet_resnet_medium_prop_idx_4260_sidx_5004_eps_0.0039.vnnlib,100
onnx/TinyImageNet_resnet_medium.onnx,vnnlib/TinyImageNet_resnet_medium_prop_idx_3416_sidx_7951_eps_0.0039.vnnlib,100
onnx/TinyImageNet_resnet_medium.onnx,vnnlib/TinyImageNet_resnet_medium_prop_idx_3098_sidx_9528_eps_0.0039.vnnlib,100
onnx/TinyImageNet_resnet_medium.onnx,vnnlib/TinyImageNet_resnet_medium_prop_idx_9271_sidx_575_eps_0.0039.vnnlib,100
onnx/TinyImageNet_resnet_medium.onnx,vnnlib/TinyImageNet_resnet_medium_prop_idx_4330_sidx_3504_eps_0.0039.vnnlib,100
onnx/TinyImageNet_resnet_medium.onnx,vnnlib/TinyImageNet_resnet_medium_prop_idx_9215_sidx_4878_eps_0.0039.vnnlib,100
onnx/TinyImageNet_resnet_medium.onnx,vnnlib/TinyImageNet_resnet_medium_prop_idx_2493_sidx_4209_eps_0.0039.vnnlib,100
onnx/TinyImageNet_resnet_medium.onnx,vnnlib/TinyImageNet_resnet_medium_prop_idx_5701_sidx_7560_eps_0.0039.vnnlib,100
onnx/TinyImageNet_resnet_medium.onnx,vnnlib/TinyImageNet_resnet_medium_prop_idx_6773_sidx_7001_eps_0.0039.vnnlib,100
onnx/TinyImageNet_resnet_medium.onnx,vnnlib/TinyImageNet_resnet_medium_prop_idx_670_sidx_7171_eps_0.0039.vnnlib,100
onnx/TinyImageNet_resnet_medium.onnx,vnnlib/TinyImageNet_resnet_medium_prop_idx_9419_sidx_9984_eps_0.0039.vnnlib,100
onnx/TinyImageNet_resnet_medium.onnx,vnnlib/TinyImageNet_resnet_medium_prop_idx_5442_sidx_6087_eps_0.0039.vnnlib,100
onnx/TinyImageNet_resnet_medium.onnx,vnnlib/TinyImageNet_resnet_medium_prop_idx_9825_sidx_6883_eps_0.0039.vnnlib,100
onnx/TinyImageNet_resnet_medium.onnx,vnnlib/TinyImageNet_resnet_medium_prop_idx_5676_sidx_9851_eps_0.0039.vnnlib,100
onnx/TinyImageNet_resnet_medium.onnx,vnnlib/TinyImageNet_resnet_medium_prop_idx_3452_sidx_862_eps_0.0039.vnnlib,100
onnx/TinyImageNet_resnet_medium.onnx,vnnlib/TinyImageNet_resnet_medium_prop_idx_1142_sidx_9106_eps_0.0039.vnnlib,100
onnx/TinyImageNet_resnet_medium.onnx,vnnlib/TinyImageNet_resnet_medium_prop_idx_526_sidx_7843_eps_0.0039.vnnlib,100
onnx/TinyImageNet_resnet_medium.onnx,vnnlib/TinyImageNet_resnet_medium_prop_idx_2310_sidx_1923_eps_0.0039.vnnlib,100
onnx/TinyImageNet_resnet_medium.onnx,vnnlib/TinyImageNet_resnet_medium_prop_idx_9586_sidx_1970_eps_0.0039.vnnlib,100
onnx/TinyImageNet_resnet_medium.onnx,vnnlib/TinyImageNet_resnet_medium_prop_idx_1759_sidx_3135_eps_0.0039.vnnlib,100
onnx/TinyImageNet_resnet_medium.onnx,vnnlib/TinyImageNet_resnet_medium_prop_idx_974_sidx_2976_eps_0.0039.vnnlib,100
onnx/TinyImageNet_resnet_medium.onnx,vnnlib/TinyImageNet_resnet_medium_prop_idx_3891_sidx_62_eps_0.0039.vnnlib,100
onnx/TinyImageNet_resnet_medium.onnx,vnnlib/TinyImageNet_resnet_medium_prop_idx_5185_sidx_142_eps_0.0039.vnnlib,100
onnx/TinyImageNet_resnet_medium.onnx,vnnlib/TinyImageNet_resnet_medium_prop_idx_6996_sidx_1363_eps_0.0039.vnnlib,100
onnx/TinyImageNet_resnet_medium.onnx,vnnlib/TinyImageNet_resnet_medium_prop_idx_1821_sidx_9700_eps_0.0039.vnnlib,100
onnx/TinyImageNet_resnet_medium.onnx,vnnlib/TinyImageNet_resnet_medium_prop_idx_4709_sidx_8110_eps_0.0039.vnnlib,100
onnx/TinyImageNet_resnet_medium.onnx,vnnlib/TinyImageNet_resnet_medium_prop_idx_8444_sidx_2478_eps_0.0039.vnnlib,100
onnx/TinyImageNet_resnet_medium.onnx,vnnlib/TinyImageNet_resnet_medium_prop_idx_5451_sidx_5891_eps_0.0039.vnnlib,100
onnx/TinyImageNet_resnet_medium.onnx,vnnlib/TinyImageNet_resnet_medium_prop_idx_5382_sidx_4518_eps_0.0039.vnnlib,100
onnx/TinyImageNet_resnet_medium.onnx,vnnlib/TinyImageNet_resnet_medium_prop_idx_3139_sidx_2973_eps_0.0039.vnnlib,100
onnx/TinyImageNet_resnet_medium.onnx,vnnlib/TinyImageNet_resnet_medium_prop_idx_8101_sidx_2821_eps_0.0039.vnnlib,100
onnx/TinyImageNet_resnet_medium.onnx,vnnlib/TinyImageNet_resnet_medium_prop_idx_1806_sidx_3542_eps_0.0039.vnnlib,100
onnx/TinyImageNet_resnet_medium.onnx,vnnlib/TinyImageNet_resnet_medium_prop_idx_233_sidx_127_eps_0.0039.vnnlib,100
onnx/TinyImageNet_resnet_medium.onnx,vnnlib/TinyImageNet_resnet_medium_prop_idx_8176_sidx_2705_eps_0.0039.vnnlib,100
onnx/TinyImageNet_resnet_medium.onnx,vnnlib/TinyImageNet_resnet_medium_prop_idx_6311_sidx_8892_eps_0.0039.vnnlib,100
onnx/TinyImageNet_resnet_medium.onnx,vnnlib/TinyImageNet_resnet_medium_prop_idx_5443_sidx_7316_eps_0.0039.vnnlib,100
onnx/TinyImageNet_resnet_medium.onnx,vnnlib/TinyImageNet_resnet_medium_prop_idx_8173_sidx_1641_eps_0.0039.vnnlib,100
onnx/TinyImageNet_resnet_medium.onnx,vnnlib/TinyImageNet_resnet_medium_prop_idx_2594_sidx_7029_eps_0.0039.vnnlib,100
onnx/TinyImageNet_resnet_medium.onnx,vnnlib/TinyImageNet_resnet_medium_prop_idx_7231_sidx_415_eps_0.0039.vnnlib,100
onnx/TinyImageNet_resnet_medium.onnx,vnnlib/TinyImageNet_resnet_medium_prop_idx_1435_sidx_655_eps_0.0039.vnnlib,100
onnx/TinyImageNet_resnet_medium.onnx,vnnlib/TinyImageNet_resnet_medium_prop_idx_8005_sidx_2582_eps_0.0039.vnnlib,100
onnx/TinyImageNet_resnet_medium.onnx,vnnlib/TinyImageNet_resnet_medium_prop_idx_4057_sidx_8514_eps_0.0039.vnnlib,100
onnx/TinyImageNet_resnet_medium.onnx,vnnlib/TinyImageNet_resnet_medium_prop_idx_8288_sidx_307_eps_0.0039.vnnlib,100
onnx/TinyImageNet_resnet_medium.onnx,vnnlib/TinyImageNet_resnet_medium_prop_idx_6362_sidx_7345_eps_0.0039.vnnlib,100
onnx/TinyImageNet_resnet_medium.onnx,vnnlib/TinyImageNet_resnet_medium_prop_idx_6700_sidx_2455_eps_0.0039.vnnlib,100
onnx/TinyImageNet_resnet_medium.onnx,vnnlib/TinyImageNet_resnet_medium_prop_idx_3054_sidx_7502_eps_0.0039.vnnlib,100
onnx/TinyImageNet_resnet_medium.onnx,vnnlib/TinyImageNet_resnet_medium_prop_idx_5922_sidx_1989_eps_0.0039.vnnlib,100
onnx/TinyImageNet_resnet_medium.onnx,vnnlib/TinyImageNet_resnet_medium_prop_idx_9330_sidx_2275_eps_0.0039.vnnlib,100
onnx/TinyImageNet_resnet_medium.onnx,vnnlib/TinyImageNet_resnet_medium_prop_idx_723_sidx_7730_eps_0.0039.vnnlib,100
onnx/TinyImageNet_resnet_medium.onnx,vnnlib/TinyImageNet_resnet_medium_prop_idx_2647_sidx_2518_eps_0.0039.vnnlib,100
onnx/TinyImageNet_resnet_medium.onnx,vnnlib/TinyImageNet_resnet_medium_prop_idx_3015_sidx_2719_eps_0.0039.vnnlib,100
onnx/TinyImageNet_resnet_medium.onnx,vnnlib/TinyImageNet_resnet_medium_prop_idx_6564_sidx_5832_eps_0.0039.vnnlib,100
onnx/TinyImageNet_resnet_medium.onnx,vnnlib/TinyImageNet_resnet_medium_prop_idx_9458_sidx_2592_eps_0.0039.vnnlib,100
